Year,Predicted Trade Volume (Metric Tons),Revenue at $40/ton,Profit at $40/ton,Revenue at $45/ton,Profit at $45/ton,Revenue at $50/ton,Profit at $50/ton,Revenue at $55/ton,Profit at $55/ton,Revenue at $60/ton,Profit at $60/ton
2025,94726.68268337207,3.7890673073348826,0.47363341341686016,4.2627007207517424,0.9472668268337203,4.736334134168604,1.420900240250581,5.209967547585464,1.8945336536674415,5.683600961002324,2.3681670670843014
2026,82118.81034545811,3.2847524138183246,0.41059405172729024,3.695346465545615,0.821188103454581,4.105940517272906,1.2317821551818717,4.516534569000196,1.6423762069091625,4.927128620727487,2.052970258636453
2027,67823.45866210715,2.712938346484286,0.3391172933105356,3.0520556397948218,0.6782345866210717,3.3911729331053575,1.0173518799316073,3.7302902264158933,1.356469173242143,4.069407519726429,1.695586466552679
2028,97604.47235589966,3.904178894235986,0.4880223617794979,4.392201256015485,0.9760447235589969,4.880223617794983,1.4640670853384947,5.368245979574481,1.9520894471179926,5.85626834135398,2.4401118088974916
