Year,Predicted Trade Volume (Metric Tons)
2025,91795.51598506421
2026,79693.69433723937
2027,66788.19521081155
2028,95965.8601581588
