Rate (USD per Ton),Total Profit (Million USD)
40,1.711367120234184
45,3.42273424046837
50,5.134101360702554
55,6.84546848093674
60,8.556835601170924
