Rate (USD per Ton),Total Profit (Million USD)
40,1.6712163284563701
45,3.3424326569127394
50,5.01364898536911
55,6.684865313825479
60,8.356081642281849
